estimate;CovParm;Subject
0.0282828499461686;ldhp2;placette
0.9669315736300600;SP(POW);NO_ARBRE(placette)
4.1480072148082900;Residual;
