estimate;CovParm;Subject
0.0314264113513379;ldhp2;placette
0.9498335916814200;SP(POW);NO_ARBRE(placette)
2.2356866644782500;Residual;
