estimate;CovParm;Subject
0.0081808928331136;ldhp2;placette
0.9668645833805900;SP(POW);NO_ARBRE(placette)
1.3566620557760600;Residual;
