estimate;CovParm;Subject
0.0441803701098989;ldhp2;placette
0.9077636729994600;SP(POW);NO_ARBRE(placette)
2.6041894101719900;Residual;
