estimate;CovParm;Subject
0.0130736367287903;ldhp2;placette
0.9510020132001500;SP(POW);NO_ARBRE(placette)
3.1356501340258700;Residual;
