estimate;CovParm;Subject
0.0144014463622600;ldhp2;placette
0.9727366316255900;SP(POW);NO_ARBRE(placette)
3.1637636667798300;Residual;
