estimate;CovParm;Subject
0.0366345338253045;ldhp2;placette
0.9000675578500400;SP(POW);NO_ARBRE(placette)
2.0991827333895400;Residual;
