estimate;CovParm;Subject
0.0183754275943528;ldhp2;placette
0.8941747533046400;SP(POW);NO_ARBRE(placette)
2.8024129594443200;Residual;
