estimate;CovParm;Subject
0.0248432259112726;ldhp2;placette
0.9655994637817500;SP(POW);NO_ARBRE(placette)
2.5367627876110100;Residual;
