estimate;CovParm;Subject
0.0176416968050341;ldhp2;placette
0.9777576374583000;SP(POW);NO_ARBRE(placette)
7.7763794515659900;Residual;
