estimate;CovParm;Subject
0.0168665237991557;ldhp2;placette
0.9667577189006500;SP(POW);NO_ARBRE(placette)
2.2630351132123700;Residual;
