estimate;CovParm;Subject
0.0260035200473561;ldhp2;placette
0.9558690821157700;SP(POW);NO_ARBRE(placette)
2.3619971699819000;Residual;
