estimate;CovParm;Subject
0.0199531549760282;ldhp2;placette
0.9451507501288200;SP(POW);NO_ARBRE(placette)
2.8051335252249900;Residual;
