estimate;CovParm;Subject
0.0322241466667328;ldhp2;placette
0.9583007546739800;SP(POW);NO_ARBRE(placette)
2.1826590056275400;Residual;
