estimate;CovParm;Subject
0.0163523103525017;ldhp2;placette
0.9472848301016500;SP(POW);NO_ARBRE(placette)
3.3367283621301000;Residual;
