estimate;CovParm;Subject
0.0249329578730725;ldhp2;placette
0.9323550750370000;SP(POW);NO_ARBRE(placette)
2.3740231925559100;Residual;
