estimate;CovParm;Subject
0.0222577731399534;ldhp2;placette
0.9151497656063500;SP(POW);NO_ARBRE(placette)
1.4219583906888500;Residual;
