estimate;CovParm;Subject
0.0312063600542001;ldhp2;placette
0.9510919610347100;SP(POW);NO_ARBRE(placette)
2.4966125573536800;Residual;
