estimate;CovParm;Subject
0.0470750781979747;ldhp2;placette
0.9522958088007600;SP(POW);NO_ARBRE(placette)
2.5967317350725900;Residual;
