estimate;CovParm;Subject
0.0098259982937672;ldhp2;placette
0.9460261695487800;SP(POW);NO_ARBRE(placette)
3.0188465368651500;Residual;
