estimate;CovParm;Subject
0.0316155608538260;ldhp2;placette
0.9709801048571000;SP(POW);NO_ARBRE(placette)
3.9168742837719300;Residual;
