estimate;CovParm;Subject
0.0259525852389303;ldhp2;placette
0.9656175697997500;SP(POW);NO_ARBRE(placette)
1.6750594646318000;Residual;
