estimate;CovParm;Subject
0.0260280330379153;ldhp2;placette
0.9335291990622100;SP(POW);NO_ARBRE(placette)
2.9977471886994000;Residual;
