estimate;CovParm;Subject
0.0139449096654177;ldhp2;placette
0.9581600880889800;SP(POW);NO_ARBRE(placette)
4.5493730699834400;Residual;
