estimate;CovParm;Subject
0.0290995938412002;ldhp2;placette
0.9306926874598000;SP(POW);NO_ARBRE(placette)
2.8865496891203800;Residual;
