estimate;CovParm;Subject
0.0185797746737890;ldhp2;placette
0.9779065098191800;SP(POW);NO_ARBRE(placette)
1.6384240967307200;Residual;
